,name,email,phone_num,college_regno
0,Zain Sharaf,Sharaf_Zain@aol.com,90912-21842,2019ACIV1563083
1,Romil Ramaswamy,Romil.R90@zoho.com,73991-10663,2010ACIV1171202
2,Ojas Sha,Sha_Ojas48@att.com,96003-17447,2022ACSC1298365
3,Aniruddh Srinivasan,Aniruddh.Srinivasan@yandex.com,96688-98426,2012ACSC4844433
4,Hazel Chander,Chander_Hazel86@yandex.com,72684-29828,2013AIFT8278802
5,Suhana Thakkar,Suhana.Thakkar@verizon.com,94088-81884,2014ACSC2440566
6,Zara Golla,ZaraGolla9@yandex.com,94129-13527,2016AETC9050831
7,Misha Iyengar,Misha_Iyengar@rediffmail.com,98060-05257,2011ACIV2117843
8,Shanaya Sur,Shanaya.Sur@att.com,77829-54999,2020ACSC7122962
9,Rhea Cheema,Rhea_C51@comcast.net,95575-14406,2017ACIV7863339
10,Yuvraj  Kota,Kota.Yuvraj@yahoo.com,85364-97313,2022ACSC6402829
11,Alisha Krish,Krish.Alisha@xfinity.com,80542-46391,2022AETX4702336
12,Vihaan Tiwari,Vihaan.T@att.com,70676-58673,2013AIFT9793477
13,Hrishita Mannan,Hrishita.M@protonmail.com,96602-57941,2011ACSC5092401
14,Kavya Chada,Kavya_Chada46@gmail.com,71479-00637,2015ACSC9191535
15,Ehsaan Chand,Ehsaan_C@zoho.com,90716-05434,2017AIFT7796906
16,Nayantara Shanker,Nayantara_Shanker@outlook.com,80268-94445,2017ACIV7653621
17,Lakshay Soni,Lakshay.Soni@outlook.com,87526-46273,2017AIFT4249976
18,Ivan Bhargava,IBhargava@outlook.com,76945-01229,2015ACIV3918192
19,Keya Varty,KeyaVarty@outlook.com,83007-16505,2011ACSC6456172
20,Hunar Walla,Walla_Hunar@aol.com,76698-17516,2016AETX0939469
21,Zeeshan Garde,Zeeshan.Garde@gmail.com,87061-84389,2019AETC6973527
22,Ryan Basu,Basu.Ryan35@rediffmail.com,84198-79136,2019ACSC1778912
23,Amani Rama,Amani_Rama@verizon.com,98075-39640,2014AETX5660334
24,Tanya Lall,Tanya.L78@comcast.net,99883-13878,2011ACIV0570028
25,Jiya Bhat,Jiya_Bhat@xfinity.com,95328-28186,2018ACIV6033429
26,Shayak Vig,SVig72@gmail.com,70574-06670,2014ACIV8525689
27,Anvi Jhaveri,Jhaveri.Anvi@zoho.com,73285-76661,2014AETC8021732
28,Aaina Sibal,Aaina_Sibal@gmail.com,92859-80533,2017AIFT5722924
29,Jhanvi Saran,JhanviSaran@yahoo.com,80186-54472,2013AETX4807892
30,Aayush Chaudhari,AChaudhari@att.com,96518-51473,2018AETC1007759
31,Ahana  Roy,ARoy@comcast.net,71742-72383,2016ACSC2523015
32,Ishaan Zachariah,Zachariah.Ishaan91@comcast.net,81140-36545,2015AETC3345178
33,Zain Sarin,Zain.Sarin@xfinity.com,74891-52091,2012ACSC4632584
34,Ryan Bhattacharyya,Bhattacharyya.Ryan@zoho.com,92853-09080,2022AIFT2208845
35,Lagan Shere,Lagan_Shere@yahoo.com,91680-09079,2016AETC0373902
36,Anay Rao,AnayRao@comcast.net,88768-63925,2019AETC6523924
37,Yuvaan Subramanian,Yuvaan_S@xfinity.com,90010-84144,2020ACIV5911971
38,Riya Madan,Riya_M90@verizon.com,71281-88067,2022AETC2206304
39,Madhup Sundaram,Sundaram_Madhup@outlook.com,93903-05504,2015AETX7400866
40,Hunar Malhotra,HunarMalhotra@verizon.com,89775-47152,2019AETX0170058
41,Vidur Buch,Vidur.Buch@verizon.com,98162-52425,2010AIFT4827249
42,Eshani Vig,Vig.Eshani9@rediffmail.com,84201-63119,2019ACSC8311448
43,Anya Dixit,ADixit@verizon.com,95900-27562,2018AETX6434636
44,Riaan Kashyap,Kashyap.Riaan@yandex.com,96601-11713,2016ACSC4015000
45,Drishya Arya,Arya_Drishya@comcast.net,81600-74538,2013AETC8388419
46,Neysa Sagar,NeysaSagar@rediffmail.com,71137-42408,2013AETX5978053
47,Siya Bava,SiyaBava@hotmail.com,77352-98638,2017AIFT6465726
48,Ranbir Raj,Ranbir_Raj@mail.com,70793-63222,2021AETX0231665
49,Zoya Grover,ZoyaGrover@rediffmail.com,87499-51417,2021AETX6443054
50,Miraan Bose,MiraanBose@gmail.com,98582-97818,2019ACSC3400272
51,Diya Ramakrishnan,Diya_Ramakrishnan@zoho.com,73829-33170,2016ACSC2416654
52,Faiyaz Wali,FWali@yahoo.com,73365-97323,2013AETX1527059
53,Darshit Kumar,Darshit.Kumar92@yahoo.com,81127-03738,2010AIFT6824223
54,Misha Warrior,MishaWarrior@outlook.com,80476-76684,2021ACSC9556752
55,Hiran Kuruvilla,Hiran.Kuruvilla@yahoo.com,90907-48422,2014AETC3606137
56,Kismat Balasubramanian,KismatBalasubramanian@att.com,86485-90565,2012AIFT9140094
57,Charvi Magar,Charvi.M@comcast.net,86216-55504,2020ACSC6416175
58,Siya Choudhary,Siya.C@yandex.com,94031-66478,2010AETC3249127
59,Indranil Rau,IRau@aol.com,86093-40679,2013AIFT8743173
60,Shlok Lad,SLad59@rediffmail.com,80325-05930,2019ACIV8123351
61,Rhea Kakar,Rhea.K5@verizon.com,72206-12398,2020AETC3982000
62,Nishith Balasubramanian,NBalasubramanian@mail.com,87172-50634,2015AIFT9209365
63,Samaira Shenoy,Shenoy.Samaira@zoho.com,83600-61244,2016AETC0567727
64,Mehul Sankaran,Mehul_S7@aol.com,89788-86185,2019AIFT0507244
65,Ritvik Dixit,Ritvik_D@verizon.com,85519-91268,2013AETX7012465
66,Veer Basu,Basu.Veer12@outlook.com,85972-84741,2017AETX4227080
67,Vidur Sastry,Sastry.Vidur@protonmail.com,81687-86250,2022AETC7155731
68,Gatik Sahota,Sahota_Gatik@rediffmail.com,91899-38917,2015AIFT2864302
69,Samarth Sehgal,Samarth_Sehgal@mail.com,93134-96056,2020AIFT4900706
70,Shray Chana,ShrayChana@verizon.com,70206-71414,2019AETX8066255
71,Ryan Arya,RyanArya@hotmail.com,88765-59826,2021AIFT4368415
72,Tushar Chhabra,TusharChhabra@gmail.com,79796-36411,2021AIFT6438722
73,Vihaan Golla,Golla.Vihaan@protonmail.com,73307-92459,2012ACSC4788672
74,Gokul Halder,GokulHalder@att.com,80433-45837,2015AIFT4103916
75,Jayesh Balan,Balan.Jayesh@raisoni.net,98563-94513,2013AIFT3145227
76,Akarsh Gala,Akarsh.G39@rediffmail.com,89701-65340,2011ACSC2999786
77,Dishani Basak,Dishani_B@yahoo.com,70523-67381,2014ACIV1296338
78,Adira Sodhi,Adira_S@att.com,86859-06625,2016ACSC2498990
79,Nirvaan Bhalla,Bhalla.Nirvaan@rediffmail.com,81952-46250,2017ACSC8522664
80,Yuvraj  Deo,YDeo@hotmail.com,93135-36913,2014ACSC6195523
81,Vaibhav Banerjee,Vaibhav.B@xfinity.com,96636-19687,2016AETC9709789
82,Ayesha Chaudhuri,Ayesha.C@outlook.com,95639-30343,2010ACSC4217104
83,Amani Dixit,Amani_D@verizon.com,91974-07986,2013ACSC0289808
84,Ivana Chada,Ivana.Chada@gmail.com,88889-86597,2022ACIV3402504
85,Riaan Ghosh,RiaanGhosh@mail.com,75429-59921,2015AETC8025702
86,Ojas Kunda,Ojas_K@verizon.com,70540-59760,2010ACSC7213778
87,Sana Shankar,Sana.Shankar97@gmail.com,81496-50502,2022AIFT9747101
88,Zaina Sachar,Zaina.S@att.com,87918-27157,2021ACSC3027295
89,Nitara Sawhney,Nitara.Sawhney@verizon.com,84612-22899,2015ACIV8083439
90,Urvi Karnik,Karnik.Urvi@rediffmail.com,76733-09676,2017ACSC9607879
91,Zeeshan Vyas,ZeeshanVyas52@comcast.net,87464-22374,2010AETC9689005
92,Sumer Sahota,SumerSahota@mail.com,82147-65179,2012AETX4870000
93,Shlok Goel,ShlokGoel89@xfinity.com,97008-69675,2010AETC0015751
94,Mahika Deshpande,Deshpande.Mahika62@hotmail.com,73662-10497,2018ACSC9958294
95,Bhamini Khatri,Bhamini.K@xfinity.com,80035-89295,2011ACIV4920718
96,Yashvi Chaudhary,YChaudhary58@mail.com,84938-57367,2013ACSC0564340
97,Adah D’Alia,Adah_D’Alia40@raisoni.net,92715-24625,2017AETX5490003
98,Anya Gera,AGera@hotmail.com,81826-67836,2020AETC6866832
99,Madhav Contractor,Madhav_C37@comcast.net,93313-17753,2020AIFT2665711
